transaction_id,account_id,counterparty_id,counterparty_name,counterparty_country,amount,currency,channel,direction,transaction_timestamp,source_system,load_timestamp
TXN0001,ACC1001,CP2001,Amazon Marketplace,US,84.50,USD,card,debit,2026-06-05 10:12:00,CORE_BANKING,2026-06-30 02:10:00
TXN0002,ACC1001,CP2002,Payroll Inc,US,3200.00,USD,ACH,credit,2026-06-01 06:00:00,CORE_BANKING,2026-06-30 02:10:00
TXN0003,ACC1002,CP2001,Amazon Marketplace,US,45.20,USD,card,debit,2026-06-06 11:00:00,CORE_BANKING,2026-06-30 02:10:00
TXN0004,ACC1003,CP3001,Cash Deposit,US,8200.00,USD,cash,credit,2026-06-10 09:15:00,CORE_BANKING,2026-06-30 02:10:00
TXN0005,ACC1003,CP3001,Cash Deposit,US,8750.00,USD,cash,credit,2026-06-11 14:30:00,CORE_BANKING,2026-06-30 02:10:00
TXN0006,ACC1003,CP3001,Cash Deposit,US,9300.00,USD,cash,credit,2026-06-12 16:45:00,CORE_BANKING,2026-06-30 02:10:00
TXN0007,ACC1003,CP3001,Cash Deposit,US,8900.00,USD,cash,credit,2026-06-13 10:05:00,CORE_BANKING,2026-06-30 02:10:00
TXN0008,ACC1004,CP4001,Moscow Metals Trading,Russia,95000.00,USD,wire,credit,2026-06-15 08:00:00,CORE_BANKING,2026-06-30 02:10:00
TXN0009,ACC1004,CP4002,Kaliningrad Holdings,Russia,92000.00,USD,wire,debit,2026-06-16 09:30:00,CORE_BANKING,2026-06-30 02:10:00
TXN0010,ACC1005,CP5001,Cayman Offshore Partners,Cayman Islands,12500.00,USD,wire,debit,2026-06-18 13:00:00,CORE_BANKING,2026-06-30 02:10:00
TXN0011,ACC1005,CP5002,UK Import Co,England,4300.00,USD,wire,credit,2026-06-19 07:45:00,CORE_BANKING,2026-06-30 02:10:00
TXN0012,ACC1006,CP2001,Amazon Marketplace,US,62.10,USD,card,debit,2026-06-20 12:00:00,CORE_BANKING,2026-06-30 02:10:00
TXN0013,ACC1006,CP6001,University Housing,US,950.00,USD,ACH,debit,2026-06-01 05:00:00,CORE_BANKING,2026-06-30 02:10:00
