TABLE_NAME,COLUMNS
ALERTS,"ALERT_ID, RULE_ID, ACCOUNT_ID, TRANSACTION_ID, ALERT_DATE, RISK_SCORE, DISPOSITION, DISPOSITION_DATE, TIME_TO_DISPOSITION_DAYS_PLACEHOLDER"
ALERT_CANDIDATES,"ALERT_ID, RULE_ID, ACCOUNT_ID, TRANSACTION_ID, ALERT_DATE, RISK_SCORE"
DIM_ACCOUNT,"ACCOUNT_KEY, ACCOUNT_ID, CUSTOMER_KEY, ACCOUNT_TYPE, IS_NEW_ACCOUNT_FLAG, STATUS"
DIM_CUSTOMER,"CUSTOMER_KEY, CUSTOMER_ID, RISK_RATING, PEP_FLAG, COUNTRY_STANDARDIZED, BUSINESS_TYPE, CUSTOMER_BASE_RISK_SCORE, EFFECTIVE_DATE, END_DATE, IS_CURRENT"
DIM_DATE,"DATE_KEY, FULL_DATE, MONTH, QUARTER, YEAR, IS_MONTH_END, IS_QUARTER_END"
DIM_GEOGRAPHY,"GEO_KEY, COUNTRY, REGION, IS_HIGH_RISK_COUNTRY, IS_SANCTIONED_COUNTRY"
DIM_RULE,"RULE_KEY, RULE_ID, RULE_NAME, RULE_TYPE, THRESHOLD_PARAMS"
DIM_WATCHLIST,"WATCHLIST_KEY, ENTITY_NAME_STANDARDIZED, GEO_KEY, PROGRAM"
FACT_ALERTS,"ALERT_KEY, ACCOUNT_KEY, RULE_KEY, DATE_KEY, DISPOSITION_DATE_KEY, GEO_KEY, RISK_SCORE, ALERT_TO_SAR_FLAG, IS_SLA_OVERDUE_FLAG, TIME_TO_DISPOSITION_DAYS"
FACT_CUSTOMER_RISK_SNAPSHOT,"CUSTOMER_KEY, DATE_KEY, CUSTOMER_RISK_SCORE, CUMULATIVE_SAR_COUNT"
FACT_TRANSACTIONS,"TRANSACTION_KEY, ACCOUNT_KEY, GEO_KEY, DATE_KEY, AMOUNT_USD, CHANNEL, DIRECTION, STRUCTURING_FLAG, RAPID_MOVEMENT_FLAG"
TMP_ACCOUNT_DEDUP,"ACCOUNT_ID, CUSTOMER_ID_RESOLVED, ACCOUNT_TYPE, OPEN_DATE, IS_OPEN_DATE_UNPARSEABLE, ACCOUNT_AGE_DAYS, IS_NEW_ACCOUNT_FLAG, STATUS"
TMP_CTR_HITS,"RULE_ID, ACCOUNT_ID, TRANSACTION_ID, ALERT_DATE"
TMP_CUSTOMER_BASE_RISK,"CUSTOMER_ID_RESOLVED, CUSTOMER_BASE_RISK_SCORE"
TMP_HIGH_RISK_COUNTRY_HITS,"RULE_ID, ACCOUNT_ID, TRANSACTION_ID, ALERT_DATE"
TMP_RAPID_MOVEMENT_HITS,"RULE_ID, ACCOUNT_ID, TRANSACTION_ID, ALERT_DATE, INBOUND_AMOUNT, OUTBOUND_AMOUNT"
TMP_RULE_PARAMS,"RULE_ID, RULE_TYPE, PARAMS"
TMP_STRUCTURING_HITS,"RULE_ID, ACCOUNT_ID, TRANSACTION_ID, ALERT_DATE, CLUSTER_COUNT"
