transaction_id,account_id,counterparty_id,counterparty_country_standardized,amount_usd,channel,direction,transaction_timestamp,transaction_date,is_ctr_threshold_flag,rolling_7day_txn_sum,txn_count_velocity_7day,days_since_last_txn,is_high_risk_counterparty_country
TXN0001,ACC1001,CP2001,US,84.50,card,debit,2026-06-05 10:12:00,2026-06-05,FALSE,3284.50,2,4,FALSE
TXN0004,ACC1003,CP3001,US,8200.00,cash,credit,2026-06-10 09:15:00,2026-06-10,FALSE,8200.00,1,0,FALSE
TXN0005,ACC1003,CP3001,US,8750.00,cash,credit,2026-06-11 14:30:00,2026-06-11,FALSE,16950.00,2,1,FALSE
TXN0006,ACC1003,CP3001,US,9300.00,cash,credit,2026-06-12 16:45:00,2026-06-12,FALSE,26250.00,3,1,FALSE
TXN0007,ACC1003,CP3001,US,8900.00,cash,credit,2026-06-13 10:05:00,2026-06-13,FALSE,35150.00,4,1,FALSE
TXN0008,ACC1004,CP4001,Russia,95000.00,wire,credit,2026-06-15 08:00:00,2026-06-15,TRUE,95000.00,1,0,TRUE
TXN0009,ACC1004,CP4002,Russia,92000.00,wire,debit,2026-06-16 09:30:00,2026-06-16,TRUE,187000.00,2,1,TRUE
TXN0010,ACC1005,CP5001,Cayman Islands,12500.00,wire,debit,2026-06-18 13:00:00,2026-06-18,TRUE,12500.00,1,0,TRUE
TXN0011,ACC1005,CP5002,UK,4300.00,wire,credit,2026-06-19 07:45:00,2026-06-19,FALSE,16800.00,2,1,FALSE
